,Transfer_Efficiency,Discharge_Effectiveness,Pipeline_Throughput,System_Backlog,Backlog_Accumulation,Net_Flow
Transfer_Efficiency,1.0,0.5646775932002888,0.12171034872305027,0.5337939095234171,-0.43949724978391763,-0.17084020894382518
Discharge_Effectiveness,0.5646775932002888,1.0,0.21080125649167972,0.7873231828017855,-0.7229945727816837,-0.543726693759201
Pipeline_Throughput,0.12171034872305027,0.21080125649167972,1.0,0.08214084740611034,-0.5042645670575279,-0.551956568943183
System_Backlog,0.5337939095234171,0.7873231828017855,0.08214084740611034,1.0,-0.6517741064986926,-0.462161284710971
Backlog_Accumulation,-0.43949724978391763,-0.7229945727816837,-0.5042645670575279,-0.6517741064986926,1.0,0.883540591082995
Net_Flow,-0.17084020894382518,-0.543726693759201,-0.551956568943183,-0.462161284710971,0.883540591082995,1.0
